"编号","源文件","行","原文/定位片段","建议表达或交互","处理方式","必须保留的含义/要求"
"COPY-01","src/normalized-ui/StaffModulePanel.tsx","541","下方是对应业务模块的实时数据","按本页任务直接办理；数据状态和结果在对应记录中查看。","简化","删除服务端复验说明；是否实时须与刷新机制一致"
"COPY-02","src/normalized-ui/ActivityOperationsPanel.tsx","465","发布后不可静默修改","发布后修改需重新确认","替换","保留发布后变更限制"
"COPY-03","src/normalized-ui/ActivityOperationsPanel.tsx","489","旧字段没有规则版本、预算和发放状态机","活动积分请在会员规则中设置；当前表单不发放积分。","替换","删掉实现历史，保留功能范围"
"COPY-04","src/normalized-ui/CatalogManagementPanel.tsx","962","强类型运行门禁","只在所选演出阶段提供；不选择则不限阶段。","替换","说明选择会产生什么影响"
"COPY-05","src/normalized-ui/CatalogManagementPanel.tsx","935","显示高级字段","更多设置（供应、标签与渠道）","替换","字段改为设置"
"COPY-06","src/normalized-ui/CatalogManagementPanel.tsx","949","one_set,stay_longer","改为可多选的中文场景选项","改交互","不能只替换提示而仍要求输入内部枚举"
"COPY-07","src/normalized-ui/CatalogManagementPanel.tsx","871","第 4–5 步","统一成四步流程的当前步骤","统一","与正文第2–4步及保存区第5步冲突"
"COPY-08","src/normalized-ui/CheckoutUpgradeManagementPanel.tsx","147","成为运行事实","产能草稿已保存，经审批和发布后生效。","替换","保存不等于生效"
"COPY-09","src/normalized-ui/CheckoutUpgradeManagementPanel.tsx","183","最低毛利（基点）","最低毛利率（%）","改交互","显示百分比，提交时精确转为基点"
"COPY-10","src/normalized-ui/CheckoutUpgradeManagementPanel.tsx","192","unit=""万分比""","相对加价上限（%）","改交互","保持比例往返一致"
"COPY-11","src/normalized-ui/CheckoutUpgradeManagementPanel.tsx","191","unit=""分""","金额统一填写元","改交互","包括最多加价和两项贡献额，不只改单位字样"
"COPY-12","src/normalized-ui/RecommendationPolicyManagementPanel.tsx","70","最低毛利基点","最低毛利率（%）","改交互","接口仍保留准确整数单位"
"COPY-13","src/normalized-ui/RecommendationPolicyManagementPanel.tsx","156","最低置信度基点","最低匹配把握（%）","改交互","需补充低于阈值时不推荐的含义"
"COPY-14","src/normalized-ui/RecommendationPolicyManagementPanel.tsx","155","仅保存强类型经营参数","保存草稿后，由其他人员审核，再由第三人发布。","替换","保留不同人员要求"
"COPY-15","src/normalized-ui/RecommendationPolicyManagementPanel.tsx","141","硬性可售门禁","仅推荐当前演出阶段、库存和出品能力允许的商品；这三项不参与权重设置。","替换","保留真正业务约束"
"COPY-16","src/normalized-ui/CustomerExperienceAnalyticsPanel.tsx","135","不用展示快照推断金额","金额按订单、退款和成交时成本计算。","替换","金额口径保留，去掉内部数据结构"
"COPY-17","src/normalized-ui/CustomerExperienceAnalyticsPanel.tsx","179","来店场景（同桌事实）","同桌客人的来店场景","替换","仍需明确统计对象"
"COPY-18","src/normalized-ui/CustomerExperienceAnalyticsPanel.tsx","189","缺事件时点分群事实","部分记录缺少当时的客群信息","替换","说明缺失数据而非填零"
"COPY-19","src/normalized-ui/CustomerExperienceAnalyticsPanel.tsx","288","正在读取经营事实","正在读取经营数据…","替换","常用业务词"
"COPY-20","src/normalized-ui/CustomerExperienceAnalyticsPanel.tsx","247","不代表由本次推荐造成","保留因果限制，用“同桌后续付款不代表本次推荐促成”表达","保留并简化","避免将相关性当作推荐业绩"
"COPY-21","src/normalized-ui/CustomerExperienceManagementPanel.tsx","1092","每多少分消费","每消费多少元","改交互","同步转换分与元，保留积分/成长值区分"
"COPY-22","src/normalized-ui/CustomerExperienceManagementPanel.tsx","402","请输入 ISO 格式","改用北京时间日期与时间选择器","改交互","覆盖权益、等级、目录、条款、基础积分的发布时间"
"COPY-23","src/normalized-ui/AnnualBenefitManagementPanel.tsx","167","使用 ISO 格式","改用北京时间日期与时间选择器","改交互","年度礼遇发布同样处理"
"COPY-24","src/normalized-ui/CustomerExperienceManagementPanel.tsx","746","客户端勾选","前往规则审批，查看影响后由其他管理者审核。","替换并修复导航","不能只改文字；SYS-289必须同步处理"
"COPY-25","src/normalized-ui/CustomerExperienceManagementPanel.tsx","1016","服务端持久化的限时影响预览","请先查看本次修改对会员和成本的影响，再审批。","替换","界面显示预览有效截止时间"
"COPY-26","src/normalized-ui/CustomerExperienceManagementPanel.tsx","444","生效运行完全使用强类型规则","已发布规则及生效时间","替换","从内部实现改为可查结果"
"COPY-27","src/normalized-ui/CustomerExperienceManagementPanel.tsx","213","终态记录不能直接改回可用","已完成或已取消的记录不能直接恢复使用。","替换","需要补救时提供对应入口"
"COPY-28","src/normalized-ui/CustomerExperienceManagementPanel.tsx","882","及对应商品、活动、服务或权益事实","交付已登记，可在记录中查看商品、活动或权益明细。","替换","不把登记等同于真实实物交付"
"COPY-29","src/normalized-ui/CustomerExperienceManagementPanel.tsx","943","config?.control.state","关闭 / 试点开放 / 正式开放 / 已暂停","枚举翻译","按disabled/pilot/enabled/paused映射并设置未知兜底"
"COPY-30","src/normalized-ui/CustomerExperienceManagementPanel.tsx","430","SILVER_WELCOME","规则编号自动生成；员工填写可读规则名称","改交互","老编号仍保留以支持追溯"
"COPY-31","src/normalized-ui/AnnualBenefitManagementPanel.tsx","347","所有终态动作均复验桌台权限并写审计","自动重试已停止，请选择重新派发、取消，或登记线下补偿。","替换","补偿仍须真实凭据，不删审计约束"
"COPY-32","src/normalized-ui/AnnualBenefitManagementPanel.tsx","323","item.benefitKind","显示权益类型中文名称","枚举翻译","未识别类型显示待核对"
"COPY-33","src/normalized-ui/AnnualBenefitManagementPanel.tsx","319","GOLD_BIRTHDAY","生日礼遇名称由员工填写，规则编号自动生成","改交互","避免要求记忆代码格式"
"COPY-34","src/normalized-ui/PromotionalLoyaltyPanel.tsx","87","权威活动事实","核对活动付款、签到和完成记录","替换","仍只按被确认的记录发放"
"COPY-35","src/normalized-ui/PromotionalLoyaltyPanel.tsx","128","条触发事实因总闸暂停待处理","笔积分奖励因暂停发放而待处理","替换","提供查看待处理与恢复入口"
"COPY-36","src/normalized-ui/BottleCustodyPanel.tsx","66","扩展录入字段","自定义登记项目","替换","规则管理者可见"
"COPY-37","src/normalized-ui/BottleCustodyPanel.tsx","66","字段编号","项目编号自动生成","改交互","需要代码去重但无需员工手写"
"COPY-38","src/normalized-ui/BottleCustodyPanel.tsx","66","字段名称","项目名称","替换","例如品牌、包装或酒柜位置"
"COPY-39","src/normalized-ui/BottleCustodyPanel.tsx","66","字段类型","填写方式","替换","文字、数字、日期均用中文"
"COPY-40","src/normalized-ui/CustodyReportPanel.tsx","16","r.status","在存 / 已取走待处理 / 已归档等业务状态","枚举翻译","报表与导出一起映射，按存酒和消费分别处理"
"COPY-41","src/normalized-ui/CustodyReportPanel.tsx","16","r.amount_basis","保留现有中文金额口径，明确登记价值和订单应付均非实收","保留","已核对custody-report.ts由接口提供中文，不应误判为裸代码"
"COPY-42","src/normalized-ui/CustodyReportPanel.tsx","15","s.currency","人民币（元）","替换","保留币种语义，不直接裸显CNY"
"COPY-43","src/normalized-ui/OperatingHistoryPanel.tsx","88","权限由服务端校验","查看历史记录不会增加退款或打印权限。","简化","保留权限边界而非校验实现"
"COPY-44","src/normalized-ui/OperatingHistoryPanel.tsx","109","打印时读取最新快照","打印使用当时最新金额，后续到账可能改变金额。","替换","必须保留时间和金额口径"
"COPY-45","src/normalized-ui/OperatingHistoryPanel.tsx","128","全部导出使用同一账务快照","本次导出按同一查询时点统计；最多5000单，超出请缩小范围。","替换","保留上限和完整性承诺"
"COPY-46","src/normalized-ui/OrderBillPrintButton.tsx","43","生成新的金额快照和新票","再次打印会按最新金额生成新票，请先确认上一张结果。","替换","不能诱导不确认就重复打印"
"COPY-47","src/normalized-ui/OrderBillPrintButton.tsx","35","receipt.requestId","打印记录编号放在详情，可复制给管理员排查","折叠","不删除诊断能力"
"COPY-48","src/normalized-ui/OrderStockReturnForm.tsx","42","pending.recordId","退库记录详情","折叠","业务明细为主，内部ID仅诊断时展示"
"COPY-49","src/normalized-ui/OwnerFinancePanel.tsx","1066","基本工资由服务端","基本工资按薪资标准×计薪数量计算","简化","应发/实发/经营成本的区别原样保留"
"COPY-50","src/normalized-ui/StaffAccessManagementPanel.tsx","273","服务端整批写入","发布后统一生效；任一项失败，本次权限调整不会生效。","替换","仍须核对每项员工授权和发布结果"
"COPY-51","src/normalized-ui/StackingPricePreviewPanel.tsx","138","服务端试算","计算优惠结果","替换","明确这是预览，未产生实际收款"
"COPY-52","src/normalized-ui/CashierAfterSalesWorkbench.tsx","765","异常结清事实","异常结清记录","替换","异常结清不是收款；库存与原订单记录不能删除"
"COPY-53","src/normalized-ui/CashierAfterSalesWorkbench.tsx","811","原营业日事实","原营业日记录","替换","不改变原账务日期"
"COPY-54","src/normalized-ui/CashierAfterSalesWorkbench.tsx","1052","registration.status","报名状态按业务名称显示","枚举翻译","至少覆盖待支付、成功、取消等实际合同状态"
"COPY-55","src/normalized-ui/SocialBroadcastPanel.tsx","8","平台回执","微信发送结果","简化","平台受理与发送完成仍区分，未知结果不重发"
"COPY-56","src/normalized-ui/SocialAccountPanel.tsx","11","codeDataKey","模板ID、AppID、密钥与消息字段保留在管理员接入设置","保留并分区","接入确实需要这些参数；不应塞在一线会员通知页"
"COPY-57","src/normalized-ui/PersonalContactGovernancePanel.tsx","109","item.status","联系方式管理规则状态用中文名称显示","枚举翻译","法定保留依据和期限本身不能为了简短而删除"
"COPY-58","src/normalized-ui/MemberCardManagementPanel.tsx","118","如 FAN_MUSIC","填写会员卡名称，项目编号自动生成","改交互","前端简化须同步保持唯一性与历史追溯"
"COPY-59","src/normalized-ui/staff-actions/TableObservationSheet.tsx","138","看到的事实","保留观察事实与个人判断的区分","保留","这是必要业务语义，不是多余系统词"
"COPY-60","src/normalized-ui/CustomerPublicationPanel.tsx","255","法务批准","发布材料核对放到管理员发布设置，保留必要批准与平台状态","保留并分区","不把资料齐全等同于已通过平台审核或门店验收"
